{
  "name": "Project",
  "type": "ARM",
  "dependenceList": [],
  "srcDirs": [
    ".eide/deps"
  ],
  "virtualFolder": {
    "name": "<virtual_root>",
    "files": [],
    "folders": [
      {
        "name": "BSP",
        "files": [
          {
            "path": "../../../../../../Drivers/BSP/PY32F072xx_Start_Kit/py32f072xx_Start_Kit.c"
          }
        ],
        "folders": []
      },
      {
        "name": "CherryUSB",
        "files": [
          {
            "path": "../../../../../../Middlewares/Third_Party/CherryUSB/class/hid/usbd_hid.c"
          },
          {
            "path": "../../../../../../Middlewares/Third_Party/CherryUSB/core/usbd_core.c"
          },
          {
            "path": "../../../../../../Middlewares/Third_Party/CherryUSB/port/usb_dc_py32.c"
          }
        ],
        "folders": []
      },
      {
        "name": "Common",
        "files": [
          {
            "path": "../Src/system_py32f072.c"
          },
          {
            "path": "startup_py32f072xx.s"
          }
        ],
        "folders": []
      },
      {
        "name": "Doc",
        "files": [
          {
            "path": "../readme.txt"
          }
        ],
        "folders": []
      },
      {
        "name": "PY32F072_HAL_Driver",
        "files": [
          {
            "path": "../../../../../../Drivers/PY32F072_HAL_Driver/Src/py32f072_hal_cortex.c"
          },
          {
            "path": "../../../../../../Drivers/PY32F072_HAL_Driver/Src/py32f072_hal_dma.c"
          },
          {
            "path": "../../../../../../Drivers/PY32F072_HAL_Driver/Src/py32f072_hal_gpio.c"
          },
          {
            "path": "../../../../../../Drivers/PY32F072_HAL_Driver/Src/py32f072_hal_pwr.c"
          },
          {
            "path": "../../../../../../Drivers/PY32F072_HAL_Driver/Src/py32f072_hal_rcc_ex.c"
          },
          {
            "path": "../../../../../../Drivers/PY32F072_HAL_Driver/Src/py32f072_hal_rcc.c"
          },
          {
            "path": "../../../../../../Drivers/PY32F072_HAL_Driver/Src/py32f072_hal_uart.c"
          },
          {
            "path": "../../../../../../Drivers/PY32F072_HAL_Driver/Src/py32f072_hal.c"
          }
        ],
        "folders": []
      },
      {
        "name": "User",
        "files": [
          {
            "path": "../Src/main.c"
          },
          {
            "path": "../Src/py32f072_hal_msp.c"
          },
          {
            "path": "../Src/py32f072_it.c"
          },
          {
            "path": "../Src/usbd_hid_keyboard_if.c"
          }
        ],
        "folders": []
      }
    ]
  },
  "outDir": "build",
  "deviceName": "PY32F072xB",
  "packDir": "../../../../../../Packs/GCC/.pack/Puya/PY32F0xx_DFP",
  "miscInfo": {
    "uid": "36bcf0031e18a3008bbdaa90a96a7987"
  },
  "targets": {
    "Project": {
      "excludeList": [],
      "toolchain": "GCC",
      "compileConfig": {
        "cpuType": "Cortex-M0+",
        "floatingPointHardware": "none",
        "scatterFilePath": "py32f072xb.ld",
        "useCustomScatterFile": true,
        "storageLayout": {
          "RAM": [],
          "ROM": []
        },
        "options": "null"
      },
      "uploader": "OpenOCD",
      "uploadConfig": {
        "bin": "",
        "target": "py32f072",
        "interface": "cmsis-dap",
        "baseAddr": "0x08000000"
      },
      "uploadConfigMap": {
        "JLink": {
          "bin": "",
          "baseAddr": "",
          "cpuInfo": {
            "vendor": "Puya",
            "cpuName": "py32f072xb"
          },
          "proType": 1,
          "speed": 1000,
          "otherCmds": ""
        },
        "OpenOCD": {
          "bin": "",
          "target": "py32f072",
          "interface": "cmsis-dap",
          "baseAddr": "0x08000000"
        }
      },
      "custom_dep": {
        "name": "default",
        "incList": [
          "../Inc",
          "../../../../../../Drivers/CMSIS/Include",
          "../../../../../../Drivers/CMSIS/Device/PY32F072/Include",
          "../../../../../../Drivers/PY32F072_HAL_Driver/Inc",
          "../../../../../../Drivers/BSP/PY32F072xx_Start_Kit",
          "../../../../../../Middlewares/Third_Party/CherryUSB/port",
          "../../../../../../Middlewares/Third_Party/CherryUSB/core",
          "../../../../../../Middlewares/Third_Party/CherryUSB/common",
          "../../../../../../Middlewares/Third_Party/CherryUSB/class/cdc",
          "../../../../../../Middlewares/Third_Party/CherryUSB/class/hid"
        ],
        "libList": [],
        "sourceDirList": [],
        "defineList": [
          "USE_HAL_DRIVER",
          "PY32F072xB"
        ]
      }
    }
  },
  "version": "3.3"
}